{
	"txs": [
		{
			"id": 180,
			"desc": "Operating Expenses (ANT)",
			"multisigTx": "0x659a2cbc1bf5c374e5cc9cdbe1bc80b8fa8f65e24eba5fe1123a2e6d5a0c431c",
			"entities": [{
					"name": " ",
					"tx": " "}
				]
		},
		{
			"id": 179,
			"desc": "Operating Expenses (ETH)",
			"multisigTx": "0xab4f7b5f0b935e5426ae804ec444f05ec97f494ae5529514e969e9f9f0e6ca99",
			"entities": [
			{
					"name": "Blockternship Hackathon Prize",
					"tx": "0xba0edf99474695095716c5878704ce670641c2fa22f4dbfe6705633a72b394c3"
			},
			{
					"name": "AraCon Venue (Deposit)",
					"tx": "0x9c6984ba2600bd64ee5f02eb1620f02011fe71a6b9048ef559ae7af5e09db229"
			},
			{
					"name": "Nest Grant: ZK Labs (2)",
					"tx": "0xff576dc8b60994c28f4e57ba0721cf5fee6ab2b21d7923c6a543f79bc6db4a53"
			},
			{
					"name": "Nest Grant: Espresso (half of 1st)",
					"tx": "0x0da19103f3f3a109145b753f386c1552612e134ef3e361d002d797a46b01ce19"
			},
			{
					"name": "Nest Grant: dAppNode (half of 1st)",
					"tx": "0x08819ef83da77629917b599686ec84658ab5d560b25ae5a2caed5f0c304b458e"
			},
			{
					"name": "Service Provider: Neuralux (DevOps)",
					"tx": "0x30b2c15249e64e82f8a62385afdbb9df9fa93beeadc606df7a5b7d088eeb9580"
			},
			{
					"name": "ETHMagicians Security UnConf (Berlin)",
					"tx": "0xa5ea47a14978ca0edcff9034bd80c0988d200c5d31f2dcad6d8ed4fe37e90409"
			},
			{
					"name": "Bloom Network: Pollination, Governance Hackathon Sponsorship",
					"tx": "0x034d6918f96cfb5f27d26961f54fe432a0d556145336b7d7cc9f50510019a975"
			},
			{
					"name": "Ara-NYC Meetup (2)",
					"tx": "0xcc2fb0711e5a6ba7310a078aed994053943e48e23e762ee28873e5d50703e9bb"
			},
			{
					"name": "SF Hackathon Venue (Deposit)",
					"tx": "0x0df2cfc9e690bf403af60e2db310b068ff4b0d546157eee874b34fb7fe72e4f2"
			},
			{
					"name": "Giveth: AragonDAC",
					"tx": "0xc88cece3afdd54a511f5221deaa696026f4be0eee461f2e60bfaa4be7c2779ca"
			}	
			
				]
		},
		{
			"id": 178,
			"desc": " ",
			"multisigTx": "0x7a954106d5b5df98387a33052a73d080fd3cd5066f6101bc8439d765fc8eb2fb",
			"entities": []
		},
		{
			"id": 177,
			"desc": " ",
			"multisigTx": " ",
			"entities": []
		},
		{
			"id": 176,
			"desc": " ",
			"multisigTx": " ",
			"entities": []
		},
		{
			"id": 175,
			"desc": "Operating Expenses (ANT)",
			"multisigTx": "0xa7e191e9a9d9c5aa5d216815aa2efacd8d10402da511969d0f89d95ea8c89e66",
			"entities": [{
					"name": " ",
					"tx": " "}
				]
		},
		{
			"id": 174,
			"desc": "Operating Expenses (ETH)",
			"multisigTx": "0x524bd77d709b44973e287409a97724baa1b9494c40d48e076a3cd27ff3c9113c",
			"entities": [{
					"name": "Code Audit: ConsenSys",
					"tx": "0x08e36dff5fb31b701b69ab9b34e908aac9170635c44fb8ef8bbf979ceedc7293"
			},
			{
					"name": "Professional Service Provider: Lakeside Partners",
					"tx": "0x42b927e320cac8da0958ad9b13dbdb9bf68e489662afda5c65d3cffb262a3a4e"
			},
			{
					"name": "Professional Service Provider: Hedman",
					"tx": "0xccfdbfbf72d6a243750deebf512a79e25143c154c36600e311770531bce8b8c9"
			},
			{
					"name": "Professional Service Provider: Hiring/Human Resources",
					"tx": "0x4a75cc25c0b5b679d996ea7275d470251dc23ef3530e0a795429e50cc24b924c"
			},
			{
					"name": "Wenger & Veili",
					"tx": "0x28024fcbbe6d2b1d8fb9eba11c4a3ce540b70bb721cacd2b7073e413eb488f21"
			},
			{
					"name": "Wenger & Veili",
					"tx": "0xd6acec3bf5eaa2414618c0caa07a8a4f072057fbc806c8122b442680ce87a509"
			},
			{
					"name": "Wenger & Veili",
					"tx": "0x5737f5ac828dc4301cd6764249b2c81ae82a9e3bab5a44d32e785d60e47c7a3a"
			},
			{
					"name": "Ara-NYC Meetup (1)",
					"tx": "0x2dc0ff16dfd5bd393d1004d74a3aa978d4ade5236b50018fdfeea6c92d656a67"
			},
			{
					"name": "Ara-Beers Zug Meetup (CVC with Web3 & Status)",
					"tx": "0x6959dcace217e6ed99c463dad34d7ac281999298b660004dca5a7733bfea179d"
			}	     
				     
				]
		},
		{
			"id": 173,
			"desc": "Operating Expenses (ANT)",
			"multisigTx": "0xcfe993928e9ee5fee675fa8028bcfe4bc61e6ea9f6c83646e6440bb14a8ab99b",
			"entities": [{
					"name": "RCD Monthly Services: July",
					"tx": "0xd40fa7f46fb82e546118f5b1c5863fd5b28550f5051ee2dd24ff357cfeca563d"
			},
			{
					"name": "RCD June Extra Services",
					"tx": "0x6e2b6d09c0aa7252eeb3f31c40168a16076058bcef2bd78b9339b62e117a755d"
			}
				]
		},
		{
			"id": 172,
			"desc": "Operating Expenses (ETH)",
			"multisigTx": "0x8769cbab014704fe51c75d414860ed820222ca7badeca30f4ac614b17a42e80e",
			"entities": [{
					"name": "Nest Grant: ZK Labs (1)",
					"tx": "0x349139c15d380ebcf61d5d3ea35c5287acc9d9b16dfd0a211966b1813741aa2d"
			},
			{
					"name": "Nest Grant: Frame (Audit)",
					"tx": "0x091ae98c1f3f51cd9b86b1de52b6670b7da1185b09be1d08f61a4d27e2fcaaa1"
			},
			{
					"name": "Nest Grant: Giveth dApp",
					"tx": "0x2894151b66ee06a7f129f46012efed944e273aa765fd5c1b33622da7be6dc412"
			},
			{
					"name": "RCD Monthly Services: July",
					"tx": "0x1cdd74b2197cf57d249a1cb2000cfba12f00a5c3e89daa5648cd46316b8d87a8"
			},
			{
					"name": "RCD June Extra Services",
					"tx": "0xc9eeed23c94c07ed4a54930c66249a2027842c9a2997d58a03ce7ab111f82235"
			},
			{
					"name": "RCD July + June Extra Services (Fiat = 4,414.54 EUR)",
					"tx": "0x783ddb430ad3b4dbfc2a9f62ea5f06bd9c7832d0006967eb7f441be0c5ddec49"
			}
				]
		},
		{
			"id": 171,
			"desc": "Operating Expenses (ANT)",
			"multisigTx": "0xa9e915b79e0ff8ad2f7d0aa3a2a116775304331b1736230967e7d57d750fd1ed",
			"entities": [{
					"name": "ETHBuenosAires Hackathon Prizes",
					"tx": "0x00d510db379337192f98350173195c3f29e50da6bbe5985873ad93b9ae96321f"
			},
			{
					"name": "ETHBuenosAires Hackathon Prizes",
					"tx": "0x3c7b08153f51e462c4c65a4542239b70f8b577b8e5fd31d2a3cb2ee607ac0768"
			},
			{
					"name": "ETHBuenosAires Hackathon Prizes",
					"tx": "0xf903536109c89e48f3e3b2f46f866c18e5008741b7555dc5866b11c1a4bd2c63"
			}, 
			{
					"name": "ETHBuenosAires Hackathon Prizes",
					"tx": "0xba3254971376c1839abeb3590c6cf53ae3a81ba373a24a71345de3e9eee4714d"
			},
			{
					"name": "ETHBuenosAires Hackathon Prizes",
					"tx": "0xa188a0223e6d33e22ab6233919a6262ef41cba93be0a332ff1d5476e282cb3d5"
			},
			{
					"name": "ETHBuenosAires Hackathon Prizes",
					"tx": "0x71aba08b3d77bbc08d4291d596a20ae740b805c63d05fa143b84d0b795a84aba"
			}, 	     
			{
					"name": "Code Audit: WHG",
					"tx": "0xaf593885f930d8a71b6191bdc8bfb729c4aed649c7dc9fb4264ef75f280c21a5"
			},
			{
					"name": "Code Audit (VAT): WHG",
					"tx": "0x8e0cb53efcd080c41e0416cbdb9a534c49a9f7011dc08f06574f8ba96a6cc50e"
			},
			{
					"name": "RCD Monthly Services: May",
					"tx": "0x36e2b5736e4f30b07ced0ddb4e60bb106ca39d00d1b598a7875717d4996fffb2"
			},
			{
					"name": "RCD April Extra Services",
					"tx": "0xa6999879c6613f982408c5c7ceea898caf487931bc680cabab6da7cccb23c9c8"
			},
			{
					"name": "RCD May Extra Services",
					"tx": "0xeb6b39a7736bf854275d5f4027acf81158575219ce8476afb8ea4c235825190d"
			},
			{
					"name": "RCD Monthly Services: June",
					"tx": "0x0299c18cfb5af660353a9c58f7f5ae92d1bf6af5b1321ba4bf2aa4fcd82cbe3e"
			}	     
				    ]
		},
		{
			"id": 170,
			"desc": "Operating Expenses (ETH)",
			"multisigTx": "0x00775154ed9a89b812144c62ee4ed2fa3557b05c2680e015ddcb13319f61f89e",
			"entities": [{
					"name": "ETHBuenosAires Hackathon Prizes",
					"tx": "0x4087d608219e226ac0a189d8b28cc2cd5101b70148b5be1d247e94f827e08723"
			},
			{
					"name": "ETHBuenosAires Hackathon Prizes",
					"tx": "0xad7ff20a0b5d4943a2d94574c50549571883374716d6a973adabaa0ae18ad9e3"
			},
			{
					"name": "ETHBuenosAires Hackathon Prizes",
					"tx": "0x75e80197231204c8c32fa6627c112dc3d5e65e97d4d62c7f58abfc02d50be6d4"
			},	     
			{
					"name": "Code Audit: WHG",
					"tx": "0xd7164938981a81eb9a29cb83a3885db7dc3477e570f08a0bf0f518b4e8d77219"
			},
			{
					"name": "Code Audit (VAT): WHG",
					"tx": "0x6d8f0510a6b3ce4aebfad184b1cb4f02f8e5f21be8a00f5f25604aa0fe3594e0"
			},
			{
					"name": "Professional Services Provider: Lakeside",
					"tx": "0xf2f6a828ca25ebfcac766e8a42d4170eb5febd537a030e4b9794f35c27a1831a"
			},	    
			{
					"name": "Professional Services Provider: Lakeside",
					"tx": "0x501165a0d587990274c84bd03a60954c11c4131cff8c77aec177c1102529a5ca"
			},
			{
					"name": "Professional Services Provider: Human Resources/Hiring",
					"tx": "0xdaa61a6f72ae167f58b0b72ea0e9d777ff5411720ccb6e4ceb2620edf191e577"
			},
			{
					"name": "RCD Monthly Services: May",
					"tx": "0x2cb13ddffe56471d41895a728aa9ce4de35a288bf9b16f4a78a62ed5e9f9acca"
			},
			{
					"name": "RCD April Extra Services",
					"tx": "0x0afe9388e7616fc9534f45f2cc526447e5a760017f2ae4dab19bda8d298f56c8"
			},	     
			{
					"name": "RCD Monthly Services: June",
					"tx": "0x4d8d2718d221fdeef118d535cac8ab644a6927d9c1157ab261fbbc3e89dc8929"
			},
			{
					"name": "RCD Monthly Services: June and May Extra Services (FIAT)",
					"tx": "0x0538accc25a2f016f53845ba53d78d221bb22a38ba06fca8aafdc99322fa5785"
			},	     
			{
					"name": "RCD May Extra Services",
					"tx": "0xef45ac7db4a74c3c76b4927675e62272625fc55d5e72d186cf57d4faf7965b30"
			},
			{
					"name": "Nest Grant: Gnarly (2)",
					"tx": "0x1b8a01fbc455fb7c1172bc8abc3d577486e248cf0ed215479318c33985fa4457"
			}
				     
				    ]
		},
		{
			"id": 169,
			"desc": "Contractor Rewards",
			"multisigTx": " ",
			"entities": []
		},
		{
			"id": 168,
			"desc": " ",
			"multisigTx": " ",
			"entities": []
		},
		{
			"id": 167,
			"desc": " ",
			"multisigTx": " ",
			"entities": []
		},
		{
			"id": 166,
			"desc": " ",
			"multisigTx": " ",
			"entities": []
		},
		{
			"id": 165,
			"desc": "Prizes and Bounties",
			"multisigTx": "0x8196b2c4c6bc8f8b7a62ac0bd350bc0237dd1804655df8e14418d95d98e9312c",
			"entities": [{
					"name": "Ethereum Community Tour: Seoul Hackathon Prizes",
					"tx": "0x48aa98a3e43d8fc98645084b2ac2bc68225a4214fb467f5558f3435ac4e47e3e"
			},
			{
					"name": "Ethereum Community Tour: Seoul Hackathon Prizes",
					"tx": "0x8a1486da27f2a94b34676558e740fa6307ab3ab16915450a1d71893d2893ab5f"
			}	     
				    ]
		},
		{
			"id": 164,
			"desc": " ",
			"multisigTx": " ",
			"entities": []
		},
		{
			"id": 163,
			"desc": " ",
			"multisigTx": " ",
			"entities": []
		},
		{
			"id": 162,
			"desc": " ",
			"multisigTx": " ",
			"entities": []
		},
		{
			"id": 161,
			"desc": " ",
			"multisigTx": "0xaf9b21598778e415fc98bf37ddc089e30cfcd45b5b81caa83887ee9580231867",
			"entities": []
		},
		{
			"id": 160,
			"desc": "Crypto Hedging",
			"multisigTx": "0x33d13609d87a9099fccc39aa4d73dc2b16df7a5f6ba7225e1586376efb445ce2",
			"entities": []
		},
		{
			"id": 159,
			"desc": " ",
			"multisigTx": "0xb99103bc6ed030d5b6b550d3ea77a9bb559a04416688a39c87a31dfb1ba74893",
			"entities": []
		},
		{
			"id": 158,
			"desc": " ",
			"multisigTx": " ",
			"entities": []
		},
		{
			"id": 157,
			"desc": " ",
			"multisigTx": " ",
			"entities": []
		},
		{
			"id": 156,
			"desc": "March Salaries and Reimbursements (ANT) and Service Providers",
			"multisigTx": "0x97042ab4a2f2db3698259073369ce6b0b8662359e5632d6e4d7306b7f941af6f",
			"entities": [{
					"name": "RCD April Payment",
					"tx": "0x1a951d870ce04d0ee206fbbb06dc1c577c404c5990e5f13915f78f16eba6c9c2"
			},
			{
					"name": "RCD March Extra Services Payment",
					"tx": "0x94023566f117087ff94358977e32da2c3c6ab33dfe5927561571ff3e7784de52"
			}]
		},
		{
			"id": 155,
			"desc": "March Salaries and Reimbursements (ETH), Sponsorships, Nest, and Operating Expenses",
			"multisigTx": "0xb132deb75f9e96e8000245bc207cd4ed5f89adc8f8cc8dbc39cec4d82db4e2e7",
			"entities": [{
					"name": "ETHBuenosAires Sponsorship",
					"tx": "0x9420d4f70c9651636364f8f5410dfca0f24ad7b1913652b4e2db0801dbf35503"
			},
			{
					"name": "Nest Grant: That Planning Tab (1)",
					"tx": "0x020b3c27941bf51c21a3e3c5148e534de54d049fbec2d63026bc39d22b49dfd2"
			},
			{
					"name": "Nest Grant: Frame (1)",
					"tx": "0x50a827eedfdae4b639e6beefd67d6c9be64686e61e07a9a5b5f3ed3ca115a5a0"
			},
			{
					"name": "Nest Grant: Gnarly (1)",
					"tx": "0x3619bbf35effc584851f81826bc17cecbd6850592e9483f12d68fe90c2b585fc"
			},
			{
					"name": "Nest Grant: Pando (1)",
					"tx": "0xfa3baaef58001b6f536e0877298eae722193bd50917f9fe3c1fb232164b2e8f4"
			},	     
			{
					"name": "Nest Grant: Prysmatic Labs (1)",
					"tx": "0xdf7dcc12c7af9a48d8b280d16a60675b641c800a89c40f9dd22ac7c05249db23"
			},	     
			{
					"name": "RCD April Payment",
					"tx": "0x334f307ea3558f2110b8a469eabee1d34ae76a186b49a737f7ee6ce5f81ae47d"
			},
			{
					"name": "RCD March Extra Services Payment",
					"tx": "0xd78143c6fdcec8c2e0edc86366056e504177db5d56c666977423401d847819e7"
			},
			{
					"name": "EdCon Sponsorship",
					"tx": "0x8468209270e532da260a5bacc690ac9bc5a7a1f5797b8f7cc20ebddbb62c79a6"
			},	     
			{
					"name": "Token Summit Tickets (2) for Aragon Team",
					"tx": "0xcbaeb2941ab620f5a5d1e1c65282210be01dfa23e10790e243b6f5bde7945263"
			}, 
			{
					"name": "ETHCC Sponsorship",
					"tx": "0xf1573df0d0c1070e81582f9930f68d3f1d1d12f978eb6134a98af186b5c86976"
			}	    ]
		},
		{
			"id": 154,
			"desc": "Crypto Hedging",
			"multisigTx": "0xa5a68137321360a808e19085ae90e59f99a400f0050abbb177cc93f1f305feab",
			"entities": []
		},
		{
			"id": 153,
			"desc": "Crypto Hedging",
			"multisigTx": "0x7211876359dc6dc9cd37029cacc7833952110862538afd28ead623dad3af5921",
			"entities": []
		},
		
		{
			"id": 152,
			"desc": "Perform Token Buy Back",
			"multisigTx": "0x41b8770aec719b9ba8a78025ab7ea4ff352a9b3db08b9f72324b9298396d79ef",
			"entities": []
		},
		{
			"id": 151,
			"desc": "Service Providers and Q2 Offsite",
			"multisigTx": "0x334c7335327ce872d4d8fefc1da4ae33f674bdd42204fa39d78192d506796e00",
			"entities": [{
					"name": "March ETH Payment RCD",
					"tx": "0x855e3e334e5261016ba3df07710739220c26dfc338504fcb7875aa4098eb69dd"
			},
			{
					"name": "March Fiat Payment RCD",
					"tx": "0x4fd465313b716c2969abff497797273813275079c3128775b7b65b32aaa74d26"
			}
				]
		},
		{
			"id": 150,
			"desc": "Payments to Law Firms and Service Providers",
			"multisigTx": "0xf92ea8d047aeef3ea0763168bb0cab9d9be01a1233ffa73936678fe2bf0606ef",
			"entities": [{
					"name": "March ANT Payment RCD",
					"tx": "0x5ebd229233c983bf374d46db304cfc149a3a660f30797c8b5f9c4210cdb441be"
			}]
		},
		{
			"id": 149,
			"desc": "February Salaries and Reimbursements (ANT)",
			"multisigTx": "0x5f6e58e326bfefe0b2d558c9f618d19fe4dcf5a2b7d1bf012275af4ac8e9c581",
			"entities": []
		},
		{
			"id": 148,
			"desc": "February Salaries and Reimbursements (ETH)",
			"multisigTx": "0x64843dec2079534005b27e09df9c45a875482f444de845ebae15ef414ba421dc",
			"entities": []
		},
		{
			"id": 147,
			"desc": "Code Audit WHG",
			"multisigTx": "0xbbb0ac51a3a6adf81f3bfe3b3e0a0012efb3c0c18129ca14557da1153585203f",
			"entities": []
		},
		{
			"id": 146,
			"desc": "Code Audit WHG",
			"multisigTx": "0x569501208783aca28271593a7a3831c054280edd30c2f992e91592a29441b7a7",
			"entities": []
		},
		{
			"id": 145,
			"desc": "Cancelled",
			"multisigTx": "  ",
			"entities": []
		},
		{
			"id": 144,
			"desc": "ANT Payment to Law Firm",
			"multisigTx": "0xfeee8cbd0950ad7887519656462d62689abc572c45fa88f8c1e5f683bcab18a1",
			"entities": []
		},
		{
			"id": 143,
			"desc": "Q1 Offsite Reimbursements and Travel for Q1 Events",
			"multisigTx": "0x6ab62dbbfb069c8a33430274f0508cda9b4a278b87127b15af10424c9593136a",
			"entities": []
		},
		{
			"id": 142,
			"desc": "Referral Bonus",
			"multisigTx": "0xed4399c02c0629495a5d09483e72928b715358281cb5e020a2ec8a1e31eba761",
			"entities": []
		},
		{
			"id": 141,
			"desc": "Service Providers and Operating Costs",
			"multisigTx": "0x7ed0070e4b7372e4d5455118ebef236901adf860123f28d187e62b1d44b174f3",
			"entities": []
		},
		{
			"id": 140,
			"desc": "January Payroll and Expense Reimbursements (ANT)",
			"multisigTx": "0xcb32bd1517929a217532077b35b2c390fa41619d564a3313863c89d39285d260",
			"entities": []
		},
		{
			"id": 139,
			"desc": "January Payroll, Expense Reimbursements, and 2017 Bonus’ (ETH)",
			"multisigTx": "0x8535d984792d734c6404be748eccb1fe2a4040346cb0ee7600ddc8a411fd584b",
			"entities": []
		},
		{
			"id": 138,
			"desc": "Perform Token Buyback",
			"multisigTx": "0xeabcb01507bec59eaac2fee9966329e12a1cdc196d5c45bb8b26607da1361430",
			"entities": []
		},
		{
			"id": 137,
			"desc": "Payment to service providers (ANT)",
			"multisigTx": "0xaed5cc6c065dfa71711004050863e629326a2c4daa9032178f86b3a8f3ebaa32",
			"entities": [{
					"name": "ANT Test for Law Firm Payment",
					"tx": "0xd69d881e9f924c148a20d080886b80b2813713a200429d7ed90f9cb47eab65da"
			},
			{
					"name": "ANT Payment to Law Firm",
					"tx": "0xb520cd570a16e584716e1cd11bb936d86cabf6b1a7fa648f2b37abad6350ea23"
			}]
		},
		{
			"id": 136,
			"desc": "Payment to service providers (ETH)",
			"multisigTx": "0x08f8f9f913f7dec1e7fdfaf73a2b199be738f9a89642456b365b590d7aae1d3e",
			"entities": [{
					"name": "ETHDenver Sponsorship",
					"tx": "0x8cfb748aa647cd629afcfdd4028c0a88020895df3349334dadfe085552d17b80"
			},
			{
					"name": "ETH Payment to Law Firm",
					"tx": "0x3ee324b913bae7ebae5388bf5516f9e868061ef99c628c1f8c266d08677dc4bb"
			}]
		},
		{
			"id": 135,
			"desc": "ANT for bounties in multiple repos",
			"multisigTx": "0xeaa0d4a552730cd5a963249ab8c71a15295dd3dba5c476453af33d962302aa45",
			"entities": []
		},
		{
			"id": 134,
			"desc": "Perform token buyback",
			"multisigTx": "0x9f73f08b52921dfe856c5e4216a2f9b529b5115bcf3d32bb5dcb8aa7b182650c",
			"entities": []
		},
		{
			"id": 133,
			"desc": "Buy hardware",
			"multisigTx": "0x6ff9048b66ef286d60752aa8584b1eae96348336ffaec5c79c59d23441abc863",
			"entities": []
		},
		{
			"id": 132,
			"desc": "Payroll December 2017 (ANT)",
			"multisigTx": "0x4d8019eb0836f74d452a4ccb742bfd47de68c3e4ee1b0b882ca1078627633b7b",
			"entities": []
		},
		{
			"id": 131,
			"desc": "Payroll December 2017 (ETH and Fiat)",
			"multisigTx": "0x181ad9d3a49ea215ce6fd912cebc29e5057adc80c33b52ea36fa7b393e0369a8",
			"entities": []
		},
		{
			"id": 130,
			"desc": "CANCELLED",
			"multisigTx": "",
			"entities": []
		},
		{
			"id": 129,
			"desc": "Perform token buyback",
			"fiat": 400000,
			"multisigTx": "0xc5994de841c2b941ad64df892fc08f9a81c322dcfb6faba0df32b533b19e2d2f",
			"entities": []
		},
		{
			"id": 128,
			"desc": "CANCELLED",
			"multisigTx": "",
			"entities": []
		},
		{
			"id": 127,
			"desc": "Payroll November 2017 (ANT)",
			"multisigTx": "0x5a276c95334e366446a58cc16f3e19133aa90983ba3e1b1e89745735be670514",
			"entities": []
		},
		{
			"id": 126,
			"desc": "Payroll November 2017 (ETH and Fiat)",
			"multisigTx": "0xe4604b5da0a7d2bff660fb5e0bbbfa1351ad5ab3a81478286aded832211b449d",
			"entities": []
		},
		{
			"id": 125,
			"desc": "Payment for video production services (Daydream Reels)",
			"multisigTx": "0xf0b63c977a4cd055617854029963f082d44777e8cfab2e7c59eaba585852c5ad",
			"entities": []
		},
		{
			"id": 124,
			"desc": "Payment for PR services (Wachsman PR)",
			"multisigTx": "0x3068ef5aab2f148b1f0020944b9c6c488c4eacf57f758aea20f52c4b3e85b5ae",
			"entities": []
		},
		{
			"id": 123,
			"desc": "CANCELLED",
			"multisigTx": "",
			"entities": []
		},
		{
			"id": 122,
			"desc": "Payment for video production services (Daydream Reels)",
			"multisigTx": "0xbb8d9e2bd18f8de933d469d80a121cf72ae15fa7eb3fa11b1712e20360cfa454",
			"entities": []
		},
		{
			"id": 121,
			"desc": "CANCELLED",
			"multisigTx": "",
			"entities": []
		},
		{
			"id": 120,
			"desc": "Payment for PR services (Wachsman PR)",
			"multisigTx": "0xcf263def8b8e6a6d57cf917d9c420dba9b48c826479a02151dfa08b6dfd2f187",
			"entities": []
		},
		{
			"id": 119,
			"desc": "Audit for aragon-core and aragon-apps (Second payment)",
			"fiat": 7600,
			"multisigTx": "0x4066343ebd4c371ed102840fbf6a324100dd2620127e78dc79e43d543be44510",
			"entities": []
		},
		{
			"id": 118,
			"desc": "Perform token buyback",
			"fiat": 220000,
			"multisigTx": "0x30174392665044c73aa170ddad1791932cd37ad36c47a42a3bc73bd1a7c7c4b6",
			"entities": []
		},
		{
			"id": 117,
			"desc": "Bitwala refill (via Kraken)",
			"fiat": 18000,
			"multisigTx": "0x0dfb254c8f68e2d960a0d5d5da6e51aff5fdc867809ba5ff6ac18551756865ac",
			"entities": []
		},
		{
			"id": 116,
			"desc": "Pay salaries to the team",
			"fiat": 1861.64,
			"multisigTx": "0xc8d867a05cc2c04afc58504a6dcaac0fb905782e8a1e9ffb194396c72b8272d6",
			"entities": []
		},
		{
			"id": 115,
			"desc": "Audit for aragon-core and aragon-apps",
			"fiat": 3837,
			"multisigTx": "0x1bfb9053e05e455855f8c9cd2fdf6a16a2aae195ab60a704084a336f4db2b517",
			"entities": []
		},
		{
			"id": 114,
			"desc": "Bitwala refill (via Kraken)",
			"fiat": 11680,
			"multisigTx": "0xc9319977cd64b58489beb5443ff28f79d88d406bcbdfbe9826fba3eee9e6ed58",
			"entities": []
		},
		{
			"id": 113,
			"desc": "Faulty transaction, no money was spent",
			"fiat": 1861.64,
			"multisigTx": "0x3d175d3045709ec4d6fedbe54a568181cf13d8e8f995cd61814c0dbd36e96bb5",
			"entities": []
		},
		{
			"id": 112,
			"desc": "Pay salaries to the team",
			"fiat": 43994.44,
			"multisigTx": "0x73846b774f50166b0716209f4fdaa784adbd7897cee0a506de301b381e8e12f3",
			"entities": []
		},
		{
			"id": 111,
			"desc": "Bitwala refill",
			"fiat": 20000,
			"multisigTx": "0xa859f5135bced53c616a58e2db97ef26dfba5b21a0b988e81ed7ecb938e2385a",
			"entities": [{
				"name": "ShapeShift -> Bitwala",
				"tx": "0x73cb14c13bddcc51c0ffdb02eef28198a41d3a9c214a151da612986919d4febf"
			},
			{
				"name": "ShapeShift -> Bitwala (https://shapeshift.io/#/status/7175d2e2-c743-4031-93c2-20d39cf0454e): Pay accountants",
				"tx": "0x848f08cf9e81776645ffbf901a97b5df190344dc55cbab6c2d28529d9a6d0834"
			},
			{
				"name": "Kraken",
				"tx": "0x9697ed0562efca03ca6ae383a2b8f8d8e73a51c7b681f492be5c9856f65da123"
			}
			]
		},
		{
			"id": 110,
			"desc": "Perform token buyback",
			"fiat": 245000,
			"multisigTx": "0x1f165c21a6db81285e6e3caacda379929a1adb91c3fbb86fe982e998b287785e",
			"entities": [{
				"name": "Bittrex",
				"tx": "0x78e860c3678b2d5f7c17cca4d74b4681392158d5dfbc60d3e686e0973243a06e"
			}]
		},
		{
			"id": 109,
			"desc": "Perform token buyback",
			"fiat": 245000,
			"multisigTx": "0x4e5b9f46780823096f0541c13bafd036546c3e61018a4fef0fec5e6610fd03de",
			"entities": [{
				"name": "Bittrex",
				"tx": "0xa1d5e9ad019c8b9cc9676b0c50b0edb3ca8d89f7f6c44ddbe9063ef75db191d9"
			}]
		},
		{
			"id": 108,
			"desc": "Pay Natalia for design services",
			"fiat": 594,
			"multisigTx": "",
			"entities": []
		},
		{
			"id": 107,
			"desc": "Pay Wachsman PR",
			"fiat": 4500,
			"multisigTx": "0x6d393caeeedfbd158499ed1f0952ae2b5acfd758d64372179f655a03d1ecfce1",
			"entities": []
		},
		{
			"id": 106,
			"desc": "Pay Wachsman PR",
			"fiat": 4500,
			"multisigTx": "0x1bfb9053e05e455855f8c9cd2fdf6a16a2aae195ab60a704084a336f4db2b517",
			"entities": []
		},
		{
			"id": 105,
			"desc": "Pay salaries to the team",
			"fiat": 26978.55,
			"multisigTx": "0x9312457fd38fbdd112db29c9787c3b6bbebc450922f3190e9f0d8f837a9bd866",
			"entities": []
		},
		{
			"id": 104,
			"desc": "Pay salaries to the team",
			"fiat": 6602.82,
			"multisigTx": "0xaee23d82fb8e3368c89c0457d89c4a6439f690ef7a77b6c05296ff6ed8d839f7",
			"entities": []
		},
		{
			"id": 103,
			"desc": "Perform token buyback",
			"fiat": 146500,
			"multisigTx": "0xb6382072323e143153ab800a0f0ce580ae1fc7281ee488c00fa271e26315fdb1",
			"entities": [{
					"name": "Bittrex",
					"tx": "0x20d0d4c32823ebeeb6d12f5ad787a097bf90d147c3be4c64b488fafa22c22cbc"
				},
				{
					"name": "Bittrex",
					"tx": "0xadde44f7479c62a373a3f1abdb116747ef3ea0abc338f0a8454c55df8988c95a"
				}
			]
		},
		{
			"id": 102,
			"desc": "Bitwala debit card for business expenses",
			"fiat": 20000,
			"multisigTx": "0xc057672cf708df863bf83187d7ef7783c26c488e67d2cda7b4a9ac0fe5a0cfbd",
			"entities": [{
				"name": "Kraken -> Bitwala",
				"tx": "0x124a42ae94f4f4e11cab5f9a1dcf8415b8d545f2fd2b564a2ad079e9c9fb9dbc"
			}]
		},
		{
			"id": 101,
			"desc": "Buy team equipment",
			"fiat": 750,
			"multisigTx": "0xc057672cf708df863bf83187d7ef7783c26c488e67d2cda7b4a9ac0fe5a0cfbd",
			"entities": []
		},
		{
			"id": 100,
			"desc": "Pay salaries and offsite reimbursements to the team",
			"fiat": 13233.73,
			"multisigTx": "0x1e7ee97ee294eb80941ebc3d9a85bef652a5dc7c151fca323198c71139438e6a",
			"entities": []
		},
		{
			"id": 99,
			"desc": "Pay salaries and offsite reimbursements to the team",
			"fiat": 44310.75,
			"multisigTx": "0xe1652ab5e6879117616f74ff923b17e0cb2dce347c85642dffaad8fa326e5a81",
			"entities": []
		},
		{
			"id": 98,
			"desc": "CANCELLED",
			"multisigTx": "",
			"entities": []
		},
		{
			"id": 97,
			"desc": "Pay Natalia for design services",
			"multisigTx": "0x04f8f3a39d1f4d2f646b30b340061ecb360155eec6f1a1f5d7370d6218ee98da",
			"entities": []
		},
		{
			"id": 96,
			"desc": "Pay Wachsman ANT (Aug and Sept 2017)",
			"fiat": 4500,
			"multisigTx": "0x8711fe9365585bd548e526de718d2b985d1238fc833d06bffe44aca3b7b93f1c",
			"entities": []
		},
		{
			"id": 95,
			"desc": "Pay Wachsman ETH (Aug and Sept 2017)",
			"fiat": 4500,
			"multisigTx": "0x2206d57201a5c0132294f6cc15acaded31359edef12994c219b236032a53cec9",
			"entities": []
		},
		{
			"id": 94,
			"desc": "Devcon sponsorship",
			"fiat": 20000,
			"multisigTx": "0x90ea2093c338ae9db09f54419631e9439598b6962e35c28a187db4012857bad2",
			"entities": [{
					"name": "Transfer to EF",
					"tx": "0xe569267f7caabf2cc1ccb138f5b8f7cddf81ef4fd46b80887c076e8e295d067c"
				},
				{
					"name": "Return remaining funds to multisig (9 ETH)",
					"tx": "0x0a8959ee048537cd5ae5fcf2f2c3a65d97d7662f886d06a0f7eaac7859c1aa1c"
				}
			]
		},
		{
			"id": 93,
			"desc": "Fiat for team offsite",
			"fiat": 1800,
			"multisigTx": "0x31b26050bf857c53e6d0444bd330f4506e2221ce662d5550fa67892c64554d8f",
			"entities": [{
					"name": "ShapeShift -> ChipChap (https://shapeshift.io/#/status/5d788bd7-e2e1-4b79-8e77-bda7c051f3f5)",
					"tx": "0x2b9ab42f22254af6bb644e771e9f4d4d562a90da942ded051ce1666515ad2b3b"
				},
				{
					"name": "ShapeShift -> ChipChap (https://shapeshift.io/#/status/ac2d14d7-2570-40c7-9445-8d9bbc045b49)",
					"tx": "0x91d57830b6d1cd51893c143724093cf498f3f0df64020d00e461e89c5f719b28"
				},
				{
					"name": "ShapeShift -> ChipChap (https://shapeshift.io/#/status/f18e62ba-3e2f-44ae-aa4b-d0a78b623597)",
					"tx": "0xebcfaa47c6195d6dfd71e48dc51680420e95506794e9ef359ba5578d78977ef5"
				},
				{
					"name": "Return remaining funds to multisig (17.43 ETH)",
					"tx": "0x7a222cc3074a7f85cfb186c3b9c52ced022cd21ee24b21d32dbb7320e1c55535"
				}
			]
		},
		{
			"id": 92,
			"desc": "Pay legal services and delayed salary. Fiat for laptops, office equipment, logistics, etc.",
			"fiat": 20000,
			"multisigTx": "0x8754ec3d1771c8f052b9d4161da83cc9219aaf97b673d09f860f78f8890fef18",
			"entities": [{
					"name": "ShapeShift -> Bitwala (https://shapeshift.io/#/status/81e1b9cc-92f0-4aaa-bed7-b2b0dc5033d2)",
					"tx": "0x13cd2a039594bfbe9b01fc5c573b6ebee1bd2b9997053dae59a99b9379b6c0b2"
				},
				{
					"name": "ShapeShift -> Bitwala (https://shapeshift.io/#/status/287c6ef4-e469-4ea2-9e82-00c28beda436)",
					"tx": "0xd546a5708c3515a10190a22eccb3e35867c2c47dece53243f08568e40d64bf28"
				},
				{
					"name": "ShapeShift -> Bitwala (https://shapeshift.io/#/status/dbc8fc47-5011-4e6a-b3d4-6b71f2c4ab79)",
					"tx": "0x72cbe8ae6e118aa7af2eda824c679897e28229aec327e794c24bd611a78e594a"
				},
				{
					"name": "ShapeShift -> Bitwala (https://shapeshift.io/#/status/ee2e7969-22a4-4efd-9202-17efb3134c45)",
					"tx": "0xeb591919dd8e7d1cf70994478793f9c1a2ccce6f06691d7a90a1a018b29fb218"
				},
				{
					"name": "Send remaining funds to Jorge",
					"tx": "0x5d9d59a9e80d08e810f16fe753e3585a8fe86de45657e773a89efa5e7509659f"
				},
				{
					"name": "Pay legal services",
					"tx": "0x91669fc4d9de24c82e13ca4ed01eddd571aa18c9a8edbce3f9bca9839e01445b"
				},
				{
					"name": "Pay delayed salary",
					"tx": "0xed72ae96c21eab06c5f028e11144de25f5b5dbe6eb0aad0de9c4e565a0711fe3"
				}
			]
		},
		{
			"id": 91,
			"desc": "Salaries July 2017",
			"fiat": 32333.333,
			"multisigTx": "0x987fb34a6c2d20bd8b07e90d5f5a2337132504939630d4fafdf973fc964def52",
			"entities": []
		},
		{
			"id": 90,
			"desc": "Wachsman PR",
			"fiat": 4500,
			"multisigTx": "0xb6262685c9fc613b4d9c89898f9a25d8fc6cc57a3644b2763e37633121d53805",
			"entities": [{
				"name": "Wachsman PR"
			}]
		},
		{
			"id": 89,
			"desc": "ENS: aragonproject.eth resolves to the multisig",
			"multisigTx": "0x506c2795fff565feb3a570551d236deaa5764a5e1751e78e5f15ae9e25dc551d"
		},
		{
			"id": 88,
			"desc": "ENS: Set aragonproject.eth resolver to PublicResolver",
			"multisigTx": "0xa45caade0332352a0938835237c5de264799dcced7acd65a03262bb3d6f06bb4"
		},
		{
			"id": 87,
			"desc": "Bitwala debit card for business expenses and payment to PR agency",
			"fiat": 19374,
			"multisigTx": "0xeb2200bde7fa74b309dc528813ad44fce4f0f9f876b1d625f95e2ca75a832f41",
			"entities": [{
				"name": "ShapeShift -> Bitwala",
				"tx": "0xfa210087b034cd426b3cc60be53e50a5c9488f2b9814800a8387dc8b76fee596"
			}, {
				"name": "ShapeShift -> Bitwala",
				"tx": "0x52c286035c8b998d649464528c277180162a09af0aa165d07edc2f4f5db47c18"
			}, {
				"name": "ShapeShift -> Bitwala",
				"tx": "0x922bbeea4855b0a462f1f50203f85cb5ab5418ca98ddf73df1248196e99c8617"
			}, {
				"name": "Wachsman PR",
				"tx": "0x73e0018866b5b266034876719fed11ea908a3e1932253f4ca49618de14f76e5e"
			}]
		},
		{
			"id": 86,
			"desc": "Token Buyback Program",
			"multisigTx": "0xc63b7f455c804fca2837109eb5cbd2c332382d14d3f69c855252bc4734d8edf2",
			"entities": [{
				"name": "Pending bittrex txs",
				"tx": "pending"
			}]
		},
		{
			"id": 85,
			"desc": "Salaries June 2017 II",
			"fiat": 7325,
			"multisigTx": "0x4147c7f0fdf78a23743165ad702340d4256d39198cbf58cc5dcbd8d16d593f5a",
			"entities": []
		},
		{
			"id": 84,
			"desc": "Salaries June 2017",
			"fiat": 10000,
			"multisigTx": "0x41e678e0ab455429ca89b9ca4a34687a3d681f353c4bc159c58af515777fa8be",
			"entities": []
		},
		{
			"id": 83,
			"desc": "Token Buyback Program",
			"fiat": 0,
			"multisigTx": "0x8e9dba69beed6fba35a6edb68ad7168d2518a9d0bbc774d4dae1eaf99973ca7a",
			"entities": [{
					"name": "Bittrex",
					"tx": "0xbbbb9081f8a8f3c8b6e98424c41926e4b10058dfe09c2f84a479537781f8cfca"
				},
				{
					"name": "Bittrex",
					"tx": "0x6cf70d97f598d37148b71ce93943556033a140e5f17693acec30ffa3c7e591ab"
				}
			]
		},
		{
			"id": 82,
			"desc": "",
			"fiat": 0,
			"multisigTx": "0x6bbec9e5f36b4d3e229452b66b94a953566541807bff75f7d7391b325f7879af",
			"entities": [{
				"name": "ShapeShift",
				"tx": "0x157639dbb94e42743ab3bc163b16d35c0a324695759267e35fbe63998d0c0778"
			}]
		},
		{
			"id": 81,
			"desc": "Buy 2 Devcon tickets for team",
			"fiat": 1800,
			"multisigTx": "0xcc2ddefa0ec99165995ec2e63279d1d01c34aed98b9af33fb03d6c1d0a24acc3",
			"entities": [{
					"name": "Ticket 1",
					"tx": "0x142919132db1fda17d6600ff74c7b62474cfeaaba91746233924ec765c3395ef"
				},
				{
					"name": "Ticket 2",
					"tx": "0xaecb86b4948c4dcf546712e20bcb6c9f269254a5c93ffcf255c7965b7b3a037a"
				}
			]
		},
		{
			"id": 80,
			"desc": "Salaries May 2017",
			"fiat": 9700,
			"multisigTx": "0xc4acc99f0e6efd454f197ae779fc9cf723d847a04a879c812bbb6599eb3b0511",
			"entities": []
		},
		{
			"id": 79,
			"desc": "Token Buyback Program",
			"fiat": 0,
			"multisigTx": "0x10528ea817cb481e38d910f825f37d1042738781008740c5e4f6aa2aad53b19f",
			"entities": [{
					"name": "Bittrex",
					"tx": "0x6d76e3834b129ed528359e1a36a8f1abc974630bc57f48394aa2dad027678a52"
				},
				{
					"name": "Bittrex",
					"tx": "0x9cb45234c9678a9f944310a33dbe72ef4be5b0c50c1a5fdc4f9ced614a7a6dbc"
				}
			]
		},
		{
			"id": 78,
			"desc": "ENS: aragonnetwork.eth",
			"multisigTx": "0x1b9e457264eb7af2e6dc3dd80a768e52e00482256b81a2f0eebd3f0dd68ea03e",
			"entities": [{
					"name": "Reveal bid for 50 ETH",
					"tx": "0x219881111888fba881c4477c3aa83e9b90bbdedf224dc067fea604e1a3416c9f"
				},
				{
					"name": "Return remaining 49.5 ETH to multisig",
					"tx": "0xca47d54630e5ba4d43dfd7dde144fc0c58fae70c753cb254f1ba8f84acf73d4e"
				}
			]
		},
		{
			"id": 77,
			"desc": "ANT rewards for #frontline Slack team",
			"fiat": 3000,
			"multisigTx": "0x28a1f5f49a9b59518b44cc0e2f3fbba0b2a56f4f9a6702fecf32baa156c8b9c7",
			"entities": []
		},
		{
			"id": 76,
			"desc": "One pager chinese translation",
			"multisigTx": "0x82189a802c758d0ddee7b8f6db26ccaf675e87d95048e094d13af85e1b12a674",
			"entities": []
		},
		{
			"id": 75,
			"desc": "ENS organization.eth and aragonproject.eth",
			"multisigTx": "0x0fa05866fa29d8572ada16c9d9d70559edf4156942eb907c0849676591c6f896",
			"entities": [{
					"name": "organization.eth bid",
					"tx": "0x7a4fc28f6a3b0683cb71f55e422a3da47350fc552a2efbdff80ca5804918b85c"
				},
				{
					"name": "aragonproject.eth bid",
					"tx": "0x2ccf24bd40872834f512f5caa804b514264c1678c762832de13db79f5fed722f"
				},
				{
					"name": "Return remaining ETH",
					"tx": "0x4ffe046845bbb538fc74d9762fe5d33cadc7326e879ea8196494767a5910afb6"
				}
			]
		},
		{
			"id": 74,
			"desc": "Pay token sale services",
			"multisigTx": "0xc45492cb8a0606793ced8f1e7fc5d3bd01a90a6805f891ba2c0d13230e45afa3",
			"entities": [{
					"name": "imToken commisions",
					"tx": "0x03e245277035639858a80b4739e6153970ae0567043fe69271cd90a0791212ae"
				},
				{
					"name": "Bug bounty",
					"tx": "0xf3d475562a2ce34aa7cbdf01d30c0a51ebecacd2dbf47c8e630e8c9c2e06cde0"
				}
			]
		},
		{
			"id": 73,
			"desc": "Token Buyback Program",
			"fiat": 375000,
			"multisigTx": "0xd17f3abbeeb778446b16f268c36bfae79c1c59d4d2a5d7863cabce5c45cada3d",
			"entities": [{
					"name": "Bittrex",
					"tx": "0x97e3133c9120d26f75e18285ab5116803ad91d1514b60d85fff995b34459c059"
				},
				{
					"name": "Bittrex",
					"tx": "0xc8d1da47e325046f5115bb14698e71fa399d879e1397a7d7d2109c4c75089692"
				},
				{
					"name": "Bittrex",
					"tx": "0xf26ea056e093309c9c6de1f50bc832c66dd22df7583fd956206858cb40494a51"
				}
			]
		},
		{
			"id": 72,
			"desc": "Token Buyback Program",
			"fiat": 375000,
			"multisigTx": "0xd17f3abbeeb778446b16f268c36bfae79c1c59d4d2a5d7863cabce5c45cada3d",
			"entities": []
		},
		{
			"id": 71,
			"desc": "Allocate remaining presale tokens",
			"fiat": 0,
			"multisigTx": "0xd95293c3b1d8f7470d7f4f9a594f94bad21f085e0eeab5efa3abcc5dd38c33f4",
			"entities": []
		},
		{
			"id": 70,
			"desc": "Whitelist Jorge's address to make ANT vestings",
			"fiat": 0,
			"multisigTx": "0xd95293c3b1d8f7470d7f4f9a594f94bad21f085e0eeab5efa3abcc5dd38c33f4",
			"entities": []
		},
		{
			"id": 69,
			"desc": "",
			"fiat": 0,
			"multisigTx": "0xa1b3fc3d2c0f423c50948f28a6da7b41e10ed9f79c6a7c33a8bd3947bbb4b343",
			"entities": []
		},
		{
			"id": 68,
			"desc": "Funding Ethercards",
			"fiat": 0,
			"multisigTx": "0xbc2c898ac5a24982bdfa273a87b000b0873d3abcabefb413aacaa34fb68eef65",
			"entities": []
		},
		{
			"id": 67,
			"desc": "Funding Ethercards",
			"fiat": 0,
			"multisigTx": "0x71e3398a9b30cf29bfde7b4c52ca9b392f2e1cad804e919f7c84f0f210f95eb3",
			"entities": []
		},
		{
			"id": 65,
			"desc": "Founder token allocation with 2 year vesting and 6 month cliff",
			"fiat": 0,
			"multisigTx": "0x103c99f282dcea02ee65e2c31a5069baa1ee9a024ad1621ad7b3e4ef80e9e465",
			"entities": [{
				"name": "Luis"
			}]
		},
		{
			"id": 64,
			"desc": "Founder token allocation with 2 year vesting and 6 month cliff",
			"fiat": 0,
			"multisigTx": "0xadc999083007f440a6ad11bdbd7eb9730727e4f201cc60103b5ed9d5a9c7f71d",
			"entities": [{
				"name": "Jorge"
			}]
		},
		{
			"id": 63,
			"desc": "Early contributor token allocation",
			"fiat": 0,
			"multisigTx": "0x248390db5f8879ce99c6d248c7fa201514da922a90143f3dcfec6451bc021601",
			"entities": [{
				"name": "BoostVC"
			}]
		},
		{
			"id": 62,
			"desc": "Advisor token allocation with 6 month vesting and 3 month cliff",
			"fiat": 0,
			"multisigTx": "0xbf91f5361dc43a0051be74f5d454d18743094104b22c23e38f593be1d140d595",
			"entities": [{
				"name": "Kenny Rowe"
			}]
		},
		{
			"id": 61,
			"desc": "Advisor token allocation with 6 month vesting and 3 month cliff",
			"fiat": 0,
			"multisigTx": "0xfef02fea97870376fea7d64cf8a52883b3ac04b99b3647d68c768c8b806aac8f",
			"entities": [{
				"name": "Jake Brukhman"
			}]
		},
		{
			"id": 60,
			"desc": "Advisor token allocation with 6 month vesting and 3 month cliff",
			"fiat": 0,
			"multisigTx": "0x243244d650afe83b3d01562aef423c3545ff91c714aca50d3038c0f888fc83e7",
			"entities": [{
				"name": "Daniele Levi"
			}]
		}
	]
}
